[
  {
    "timestamp": "2025-07-18 13:46:46",
    "question": "heyy",
    "answer": "The provided code snippets show a C program that prints a user list to the console.  The program iterates through a `user_db` array, likely a struct array containing user information (id, name, role), and prints each user's details.  There's also a header indicating that a list will be printed *before* and *after* a promotion, suggesting the program may modify user roles.  However, the code for the promotion itself is not included in the provided snippets.  The program uses standard C libraries (`stdio.h`, `stdlib.h`, `string.h`) and defines a maximum number of users (`MAX_USERS`).  The \"heyy\" question is unrelated to the code provided."
  },
  {
    "timestamp": "2025-07-18 13:47:17",
    "question": "heyy",
    "answer": "The provided code snippets show a C program that prints a user list to the console.  The program iterates through a `user_db` array, printing each user's ID, name, and role.  There's also evidence that the program might display a list \"After Promotion,\" suggesting it manipulates user roles.  However, the code doesn't explain what \"heyy\" refers to, so I cannot answer that part of the question."
  },
  {
    "timestamp": "2025-07-18 13:49:09",
    "question": "What is the purpose of the print_device function in device_manager.c?",
    "answer": "The provided code snippets do not contain a function named `print_device` or any function definition at all.  Therefore, I cannot answer your question about the purpose of `print_device` in `device_manager.c` based on the given code context."
  },
  {
    "timestamp": "2025-07-18 13:49:33",
    "question": "What is the purpose of the print_device function in device_manager.c?",
    "answer": "The provided code snippets do not contain a function named `print_device` nor a file named `device_manager.c`.  Therefore, I cannot answer your question using only the provided code context."
  },
  {
    "timestamp": "2025-07-18 13:50:06",
    "question": "What is the purpose of the print_device function in device-manager.c?",
    "answer": "The provided code snippets show that `print_device` is a function that takes a device as an argument (presumably a pointer to a `struct` given the `&devices[i]` usage) and prints its information.  However, the implementation of `print_device` itself is not included in the provided code, so its precise purpose cannot be determined beyond this."
  },
  {
    "timestamp": "2025-07-18 13:54:19",
    "question": "hhhjhjj",
    "answer": "I apologize, but the provided code snippets do not contain any information that allows me to answer the question \"hhhjhjj\".  The code shows snippets that print to the console, indicating a user list and its contents before and after a promotion, but no information is given about the meaning of \"hhhjhjj\" within the context of this program."
  },
  {
    "timestamp": "2025-07-18 14:34:58",
    "question": "what does the parser do?",
    "answer": "The provided code snippets do not contain information about a parser.  The code shows snippets that print information to the console, specifically a user list before and after a promotion.  There is no code describing parsing functionality."
  },
  {
    "timestamp": "2025-07-18 14:39:09",
    "question": "what does the parser do?",
    "answer": "I'm sorry, but the provided code snippets do not contain any information about a parser.  The code shows snippets that print messages to the console and include standard C libraries, but there's no indication of parsing functionality."
  }
]